{
	"name": "xmlrpc",
	"version": "0.4.4",
	"title": "XML-RPC over AJAX",
	"description": "Interact with remote XML-RPC services using AJAX",
	"author": {
		"name": "Tim Heap",
		"email": "heap.tim@gmail.com",
		"url": "http://timheap.me"
	},
	"licenses": [
		{"url": "http://unlicense.org/"}
	],
	"dependencies": {
		"jquery": ">1.8.0"
	},
	"keywords": [
		"xmlrpc", "xml-rpc",
		"ajax",
		"xml",
		"remote-service"
	],
	"homepage": "https://github.com/timheap/jquery-xmlrpc",
	"docs": "http://jquery-xml-rpc.readthedocs.org/"
}
